Site ID,Display URL,List,Dubbot URL
65f8bd758a4efb00016eca0e,armyrotc.utsa.edu,VPAA,https://utsa.dubbot.com/sites/65f8bd758a4efb00016eca0e
66e0aacb029d8700010cee1a,bcfes.org,VPAA,https://utsa.dubbot.com/sites/66e0aacb029d8700010cee1a
697a7c41021cfe7fb205c747,buenavista.live,VPAA,https://utsa.dubbot.com/sites/697a7c41021cfe7fb205c747
65f9b999a60fc20001b0ee2b,campusrec.utsa.edu,VPAA,https://utsa.dubbot.com/sites/65f9b999a60fc20001b0ee2b
63f788961deb380001d5aacf,careercenter.utsa.edu,VPAA;DLS,https://utsa.dubbot.com/sites/63f788961deb380001d5aacf
68090d665da41b818db7b996,catalog.utsa.edu,VPAA,https://utsa.dubbot.com/sites/68090d665da41b818db7b996
63f78ca61deb380001d5aad9,ccel.utsa.edu,VPAA,https://utsa.dubbot.com/sites/63f78ca61deb380001d5aad9
63f6a3206d0a84000179814d,cmas.utsa.edu,VPAA,https://utsa.dubbot.com/sites/63f6a3206d0a84000179814d
606c8694482faf4e95001695,datarqst.ir.utsa.edu,VPAA,https://utsa.dubbot.com/sites/606c8694482faf4e95001695
5fc6c29d482faf07b63e0d28,explore.utsa.edu,VPAA,https://utsa.dubbot.com/sites/5fc6c29d482faf07b63e0d28
5eea4af1482faf49264a90cd,future.utsa.edu,VPAA,https://utsa.dubbot.com/sites/5eea4af1482faf49264a90cd
65f9c726641df400010e5b32,global.utsa.edu,VPAA,https://utsa.dubbot.com/sites/65f9c726641df400010e5b32
61017b5efd8b3f000101c79f,honors.utsa.edu,VPAA;DLS,https://utsa.dubbot.com/sites/61017b5efd8b3f000101c79f
5eea4b24482faf49264a90d7,https://business.utsa.edu,DLS,https://utsa.dubbot.com/sites/5eea4b24482faf49264a90d7
68baf9c845e9c533f24494f6,https://caicc.utsa.edu,DLS,https://utsa.dubbot.com/sites/68baf9c845e9c533f24494f6
5f10f93b482faf6a5f16222d,https://colfa.utsa.edu,DLS,https://utsa.dubbot.com/sites/5f10f93b482faf6a5f16222d
5fd906b8482faf4da5b60c05,https://education.utsa.edu,DLS,https://utsa.dubbot.com/sites/5fd906b8482faf4da5b60c05
5eea4ae0482faf49264a90ca,https://graduateschool.utsa.edu/,VPAA;DLS,https://utsa.dubbot.com/sites/5eea4ae0482faf49264a90ca
5ef12657482faf52569571f9,https://hcap.utsa.edu,DLS,https://utsa.dubbot.com/sites/5ef12657482faf52569571f9
632ca47e7e251f00019d8e30,https://klesse.utsa.edu,DLS,https://utsa.dubbot.com/sites/632ca47e7e251f00019d8e30
63f779381deb380001d5aac1,https://sciences.utsa.edu,DLS,https://utsa.dubbot.com/sites/63f779381deb380001d5aac1
65cbd5af7454e9000107ecf8,https://uc.utsa.edu/,VPAA;DLS,https://utsa.dubbot.com/sites/65cbd5af7454e9000107ecf8
6945764a22d456eba5650dfb,international.utsa.edu,VPAA,https://utsa.dubbot.com/sites/6945764a22d456eba5650dfb
60745a87482faf27a76f6ae8,odl.utsa.edu,VPAA,https://utsa.dubbot.com/sites/60745a87482faf27a76f6ae8
5eea4b12482faf49264a90d2,onestop.utsa.edu,VPAA,https://utsa.dubbot.com/sites/5eea4b12482faf49264a90d2
5eea4ab1482faf4144ada498,online.utsa.edu,VPAA,https://utsa.dubbot.com/sites/5eea4ab1482faf4144ada498
60edb58154d005000157993b,provost.utsa.edu,VPAA,https://utsa.dubbot.com/sites/60edb58154d005000157993b
68250abec02091ed9bb7789c,provost.utsa.edu/undergraduate-research,VPAA,https://utsa.dubbot.com/sites/68250abec02091ed9bb7789c
64c05f1eb1f232000162f879,roadrunnerdays.utsa.edu,VPAA,https://utsa.dubbot.com/sites/64c05f1eb1f232000162f879
68f7ceb069a014710f7926fb,rowdylink.utsa.edu,VPAA,https://utsa.dubbot.com/sites/68f7ceb069a014710f7926fb
69457679dd659d8ae3bf5876,studyabroad.utsa.edu,VPAA,https://utsa.dubbot.com/sites/69457679dd659d8ae3bf5876
6392650afb392700015ad862,teaching.utsa.edu,VPAA,https://utsa.dubbot.com/sites/6392650afb392700015ad862
65fb283fe2e0c100016f4378,testing.utsa.edu,VPAA,https://utsa.dubbot.com/sites/65fb283fe2e0c100016f4378
5f12173b482faf0a6d951ff2,www.utsa.edu/advising,VPAA,https://utsa.dubbot.com/sites/5f12173b482faf0a6d951ff2
5f120ad5482faf0a6d951f80,www.utsa.edu/afrotc,VPAA,https://utsa.dubbot.com/sites/5f120ad5482faf0a6d951f80
5f120b3c482faf0a6d951f89,www.utsa.edu/commencement,VPAA,https://utsa.dubbot.com/sites/5f120b3c482faf0a6d951f89
63f784fe1deb380001d5aacc,www.utsa.edu/conference,VPAA,https://utsa.dubbot.com/sites/63f784fe1deb380001d5aacc
65551ab3edcbd0000171ba66,www.utsa.edu/crm/,VPAA,https://utsa.dubbot.com/sites/65551ab3edcbd0000171ba66
61b7af05f2bca60001cf1a84,www.utsa.edu/disability,VPAA,https://utsa.dubbot.com/sites/61b7af05f2bca60001cf1a84
65551ca9edcbd00001720b13,www.utsa.edu/endowed,VPAA,https://utsa.dubbot.com/sites/65551ca9edcbd00001720b13
5f121753482faf0a6d951ff5,www.utsa.edu/enrollment/,VPAA,https://utsa.dubbot.com/sites/5f121753482faf0a6d951ff5
63f78ab81deb380001d5aad4,www.utsa.edu/entrepreneurship,VPAA,https://utsa.dubbot.com/sites/63f78ab81deb380001d5aad4
5f120f8e482faf0a6d951fa1,www.utsa.edu/events,VPAA,https://utsa.dubbot.com/sites/5f120f8e482faf0a6d951fa1
65551cd4a3282300015d29e9,www.utsa.edu/family,VPAA,https://utsa.dubbot.com/sites/65551cd4a3282300015d29e9
65551d5593acb500018da70c,www.utsa.edu/firstgen,VPAA,https://utsa.dubbot.com/sites/65551d5593acb500018da70c
65551d89a3282300015d2b0f,www.utsa.edu/fosteringfutures,VPAA,https://utsa.dubbot.com/sites/65551d89a3282300015d2b0f
65551db2a3282300015d2c33,www.utsa.edu/fye,VPAA,https://utsa.dubbot.com/sites/65551db2a3282300015d2c33
63f78b1b6d0a840001798211,www.utsa.edu/healthprofessions,VPAA,https://utsa.dubbot.com/sites/63f78b1b6d0a840001798211
5f121208482faf0a6d951fbc,www.utsa.edu/homecoming,VPAA,https://utsa.dubbot.com/sites/5f121208482faf0a6d951fbc
63f78a6881795700014a9baf,www.utsa.edu/ilpa,VPAA,https://utsa.dubbot.com/sites/63f78a6881795700014a9baf
606c864b482faf4e9df42600,www.utsa.edu/ir/,VPAA,https://utsa.dubbot.com/sites/606c864b482faf4e9df42600
655521a3becc250001a18e59,www.utsa.edu/mental-health-resources,VPAA,https://utsa.dubbot.com/sites/655521a3becc250001a18e59
65fb7551ce5aee00017aa3b6,www.utsa.edu/newfaculty,VPAA,https://utsa.dubbot.com/sites/65fb7551ce5aee00017aa3b6
655522ce21e3820001681eca,www.utsa.edu/ofponline/,VPAA,https://utsa.dubbot.com/sites/655522ce21e3820001681eca
62ed9170e89500000116b139,www.utsa.edu/pace,VPAA,https://utsa.dubbot.com/sites/62ed9170e89500000116b139
5f1214a0482faf0a6d951fce,www.utsa.edu/remembrance,VPAA,https://utsa.dubbot.com/sites/5f1214a0482faf0a6d951fce
65551dd693acb500018da830,www.utsa.edu/roadrunner-success-hub,VPAA,https://utsa.dubbot.com/sites/65551dd693acb500018da830
6555232abecc250001a1ba56,www.utsa.edu/rowdyvotes,VPAA,https://utsa.dubbot.com/sites/6555232abecc250001a1ba56
6555244ba3282300015d2d97,www.utsa.edu/runitback,VPAA,https://utsa.dubbot.com/sites/6555244ba3282300015d2d97
65552368becc250001a1bbfd,www.utsa.edu/safecampus,VPAA,https://utsa.dubbot.com/sites/65552368becc250001a1bbfd
655523be21e3820001682032,www.utsa.edu/senate,VPAA,https://utsa.dubbot.com/sites/655523be21e3820001682032
655523ddbecc250001a1bd01,www.utsa.edu/sga,VPAA,https://utsa.dubbot.com/sites/655523ddbecc250001a1bd01
654b177ab066990001271f27,www.utsa.edu/students/,VPAA,https://utsa.dubbot.com/sites/654b177ab066990001271f27
6553ece221e382000167e62f,www.utsa.edu/students/conduct,VPAA,https://utsa.dubbot.com/sites/6553ece221e382000167e62f
5f121915482faf0a6d952013,www.utsa.edu/studentsuccess,VPAA,https://utsa.dubbot.com/sites/5f121915482faf0a6d952013
63ef94df81795700014a94cf,www.utsa.edu/studentunion,VPAA,https://utsa.dubbot.com/sites/63ef94df81795700014a94cf
6555251b93acb500018dff97,www.utsa.edu/trcss,VPAA,https://utsa.dubbot.com/sites/6555251b93acb500018dff97
699cd18a83459dcb78cde434,www.utsa.edu/twc,VPAA,https://utsa.dubbot.com/sites/699cd18a83459dcb78cde434
