Collected At,Site URL,DubBot Site ID,Score (%),PDF Count,Issues Count,Pages With Issues
2026-05-14T13:00:06.945Z,https://online.utsa.edu/,5eea4ab1482faf4144ada498,94.27,1,221,193
2026-05-14T13:00:06.945Z,https://graduateschool.utsa.edu/,5eea4ae0482faf49264a90ca,99.97,48,1,1
2026-05-14T13:00:06.945Z,https://future.utsa.edu/,5eea4af1482faf49264a90cd,98.32,10,203,195
2026-05-14T13:00:06.945Z,https://onestop.utsa.edu/,5eea4b12482faf49264a90d2,99.17,55,81,81
2026-05-14T13:00:06.945Z,https://business.utsa.edu/,5eea4b24482faf49264a90d7,99.77,63,44,44
2026-05-14T13:00:06.945Z,https://hcap.utsa.edu/,5ef12657482faf52569571f9,99.97,142,6,6
2026-05-14T13:00:06.945Z,https://colfa.utsa.edu/,5f10f93b482faf6a5f16222d,99.96,181,9,9
2026-05-14T13:00:06.945Z,https://www.utsa.edu/afrotc/,5f120ad5482faf0a6d951f80,92.73,2,16,10
2026-05-14T13:00:06.945Z,https://www.utsa.edu/commencement/,5f120b3c482faf0a6d951f89,95.48,0,19,13
2026-05-14T13:00:06.945Z,https://www.utsa.edu/events/,5f120f8e482faf0a6d951fa1,88.13,2,19,8
2026-05-14T13:00:06.945Z,https://www.utsa.edu/homecoming,5f121208482faf0a6d951fbc,95,0,4,3
2026-05-14T13:00:06.945Z,https://www.utsa.edu/remembrance,5f1214a0482faf0a6d951fce,93.75,0,5,4
2026-05-14T13:00:06.945Z,https://www.utsa.edu/advising/,5f12173b482faf0a6d951ff2,98.63,14,11,10
2026-05-14T13:00:06.945Z,https://www.utsa.edu/enrollment/,5f121753482faf0a6d951ff5,93.59,26,59,41
2026-05-14T13:00:06.945Z,https://www.utsa.edu/studentsuccess/,5f121915482faf0a6d952013,97.9,28,29,20
2026-05-14T13:00:06.945Z,https://www.utsa.edu/studentsuccess/,5f121915482faf0a6d952013,97.9,28,29,20
2026-05-14T13:00:06.945Z,https://explore.utsa.edu/page-sitemap.xml,5fc6c29d482faf07b63e0d28,93.42,0,25,17
2026-05-14T13:00:06.945Z,https://education.utsa.edu/,5fd906b8482faf4da5b60c05,99.94,94,6,6
2026-05-14T13:00:06.945Z,https://www.utsa.edu/ir,606c864b482faf4e9df42600,99.44,8,3,3
2026-05-14T13:00:06.945Z,https://datarqst.ir.utsa.edu,606c8694482faf4e95001695,85,0,3,1
2026-05-14T13:00:06.945Z,https://odl.utsa.edu/,60745a87482faf27a76f6ae8,94.63,6,29,27
2026-05-14T13:00:06.945Z,https://provost.utsa.edu,60edb58154d005000157993b,97.1,174,523,445
2026-05-14T13:00:06.945Z,https://honors.utsa.edu/,61017b5efd8b3f000101c79f,99.98,11,1,1
2026-05-14T13:00:06.945Z,https://www.utsa.edu/disability/,61b7af05f2bca60001cf1a84,95.18,6,55,55
2026-05-14T13:00:06.945Z,https://www.utsa.edu/pace,62ed9170e89500000116b139,97.74,11,60,53
2026-05-14T13:00:06.945Z,https://klesse.utsa.edu/,632ca47e7e251f00019d8e30,99.77,30,47,44
2026-05-14T13:00:06.945Z,https://teaching.utsa.edu,6392650afb392700015ad862,97.5,0,1,1
2026-05-14T13:00:06.945Z,https://www.utsa.edu/studentunion/,63ef94df81795700014a94cf,90,16,30,15
2026-05-14T13:00:06.945Z,https://cmas.utsa.edu/,63f6a3206d0a84000179814d,100,10,0,0
2026-05-14T13:00:06.945Z,https://sciences.utsa.edu/,63f779381deb380001d5aac1,100,201,0,0
2026-05-14T13:00:06.945Z,https://www.utsa.edu/conference/,63f784fe1deb380001d5aacc,82.5,0,14,4
2026-05-14T13:00:06.945Z,https://careercenter.utsa.edu/,63f788961deb380001d5aacf,100,37,0,0
2026-05-14T13:00:06.945Z,https://www.utsa.edu/ilpa/,63f78a6881795700014a9baf,99.58,4,1,1
2026-05-14T13:00:06.945Z,https://provost.utsa.edu/career/najim/entrepreneurship/,63f78ab81deb380001d5aad4,100,0,0,0
2026-05-14T13:00:06.945Z,https://www.utsa.edu/healthprofessions/,63f78b1b6d0a840001798211,99.19,20,6,6
2026-05-14T13:00:06.945Z,https://ccel.utsa.edu/,63f78ca61deb380001d5aad9,94,0,12,10
2026-05-14T13:00:06.945Z,https://roadrunnerdays.utsa.edu,64c05f1eb1f232000162f879,90,0,2,1
2026-05-14T13:00:06.945Z,https://www.utsa.edu/students/,654b177ab066990001271f27,91.98,26,385,191
2026-05-14T13:00:06.945Z,https://www.utsa.edu/students/conduct/,6553ece221e382000167e62f,88.33,2,28,12
2026-05-14T13:00:06.945Z,https://www.utsa.edu/crm/,65551ab3edcbd0000171ba66,97.5,0,3,2
2026-05-14T13:00:06.945Z,https://www.utsa.edu/endowed/,65551ca9edcbd00001720b13,95.05,0,96,95
2026-05-14T13:00:06.945Z,https://www.utsa.edu/family/,65551cd4a3282300015d29e9,92.5,0,24,14
2026-05-14T13:00:06.945Z,https://www.utsa.edu/family/,65551cd4a3282300015d29e9,92.5,0,24,14
2026-05-14T13:00:06.945Z,https://www.utsa.edu/firstgen/,65551d5593acb500018da70c,93.85,0,16,11
2026-05-14T13:00:06.945Z,https://www.utsa.edu/fosteringfutures,65551d89a3282300015d2b0f,93.89,2,11,9
2026-05-14T13:00:06.945Z,https://www.utsa.edu/fye/,65551db2a3282300015d2c33,90,0,18,9
2026-05-14T13:00:06.945Z,https://www.utsa.edu/roadrunner-success-hub/,65551dd693acb500018da830,100,0,0,0
2026-05-14T13:00:06.945Z,https://www.utsa.edu/mental-health-resources,655521a3becc250001a18e59,100,0,0,0
2026-05-14T13:00:06.945Z,https://www.utsa.edu/ofponline/,655522ce21e3820001681eca,90,0,22,11
2026-05-14T13:00:06.945Z,https://www.utsa.edu/rowdyvotes,6555232abecc250001a1ba56,100,0,0,0
2026-05-14T13:00:06.945Z,https://www.utsa.edu/sga/,655523ddbecc250001a1bd01,99.17,3,2,2
2026-05-14T13:00:06.945Z,https://www.utsa.edu/runitback/,6555244ba3282300015d2d97,92.5,0,6,4
2026-05-14T13:00:06.945Z,https://uc.utsa.edu,65cbd5af7454e9000107ecf8,100,1,0,0
2026-05-14T13:00:06.945Z,https://armyrotc.utsa.edu,65f8bd758a4efb00016eca0e,82.88,0,113,33
2026-05-14T13:00:06.945Z,https://campusrec.utsa.edu/,65f9b999a60fc20001b0ee2b,94.31,11,58,51
2026-05-14T13:00:06.945Z,https://global.utsa.edu,65f9c726641df400010e5b32,94.32,27,266,201
2026-05-14T13:00:06.945Z,https://testing.utsa.edu/,65fb283fe2e0c100016f4378,99.67,14,2,2
2026-05-14T13:00:06.945Z,https://www.utsa.edu/newfaculty/,65fb7551ce5aee00017aa3b6,100,0,0,0
2026-05-14T13:00:06.945Z,https://bcfes.org,66e0aacb029d8700010cee1a,98.81,16,21,18
2026-05-14T13:00:06.945Z,https://catalog.utsa.edu,68090d665da41b818db7b996,100,454,0,0
2026-05-14T13:00:06.945Z,https://provost.utsa.edu/undergraduate-research/,68250abec02091ed9bb7789c,94.09,2,13,10
2026-05-14T13:00:06.945Z,https://caicc.utsa.edu,68baf9c845e9c533f24494f6,99.85,1,8,8
2026-05-14T13:00:06.945Z,https://rowdylink.utsa.edu,68f7ceb069a014710f7926fb,90.54,0,1099,581
2026-05-14T13:00:06.945Z,https://international.utsa.edu,6945764a22d456eba5650dfb,90,0,2,1
2026-05-14T13:00:06.945Z,https://studyabroad.utsa.edu/_portal/,69457679dd659d8ae3bf5876,80,0,4,1
2026-05-14T13:00:06.945Z,https://buenavista.live,697a7c41021cfe7fb205c747,100,0,0,0
2026-05-14T13:00:06.945Z,https://www.utsa.edu/twc/,699cd18a83459dcb78cde434,100,40,0,0
