Collected At,Site URL,DubBot Site ID,Score (%),PDF Count,Issues Count,Pages With Issues
2026-01-20T10:00:55.167Z,https://armyrotc.utsa.edu,65f8bd758a4efb00016eca0e,91,0,140,
2026-01-20T10:00:55.167Z,https://bcfes.org,66e0aacb029d8700010cee1a,94,19,40,
2026-01-20T10:00:55.167Z,https://buenavista.live,697a7c41021cfe7fb205c747,100,0,0,
2026-01-20T10:00:55.167Z,https://campusrec.utsa.edu/,65f9b999a60fc20001b0ee2b,95,11,64,
2026-01-20T10:00:55.167Z,https://careercenter.utsa.edu/,63f788961deb380001d5aacf,97,37,0,
2026-01-20T10:00:55.167Z,https://catalog.utsa.edu,68090d665da41b818db7b996,94,461,35,
2026-01-20T10:00:55.167Z,https://ccel.utsa.edu/,63f78ca61deb380001d5aad9,92,0,12,
2026-01-20T10:00:55.167Z,https://cmas.utsa.edu/,63f6a3206d0a84000179814d,95,15,12,
2026-01-20T10:00:55.167Z,https://datarqst.ir.utsa.edu,606c8694482faf4e95001695,92,0,3,
2026-01-20T10:00:55.167Z,https://explore.utsa.edu/page-sitemap.xml,5fc6c29d482faf07b63e0d28,92,0,4,
2026-01-20T10:00:55.167Z,https://future.utsa.edu/,5eea4af1482faf49264a90cd,93,142,12651,
2026-01-20T10:00:55.167Z,https://global.utsa.edu,65f9c726641df400010e5b32,93,121,340,
2026-01-20T10:00:55.167Z,https://graduateschool.utsa.edu/,5eea4ae0482faf49264a90ca,96,52,4,
2026-01-20T10:00:55.167Z,https://honors.utsa.edu/,61017b5efd8b3f000101c79f,96,144,60,
2026-01-20T10:00:55.167Z,https://international.utsa.edu,6945764a22d456eba5650dfb,95,0,1,
2026-01-20T10:00:55.167Z,https://odl.utsa.edu/,60745a87482faf27a76f6ae8,93,17,28,
2026-01-20T10:00:55.167Z,https://onestop.utsa.edu/,5eea4b12482faf49264a90d2,93,80,7493,
2026-01-20T10:00:55.167Z,https://online.utsa.edu/,5eea4ab1482faf4144ada498,93,1,454,
2026-01-20T10:00:55.167Z,https://provost.utsa.edu,60edb58154d005000157993b,95,387,529,
2026-01-20T10:00:55.167Z,https://provost.utsa.edu/career/najim/entrepreneurship/,63f78ab81deb380001d5aad4,95,0,3,
2026-01-20T10:00:55.167Z,https://provost.utsa.edu/undergraduate-research/,68250abec02091ed9bb7789c,95,108,14,
2026-01-20T10:00:55.167Z,https://roadrunnerdays.utsa.edu,64c05f1eb1f232000162f879,93,0,3,
2026-01-20T10:00:55.167Z,https://rowdylink.utsa.edu,68f7ceb069a014710f7926fb,96,0,1435,
2026-01-20T10:00:55.167Z,https://studyabroad.utsa.edu,69457679dd659d8ae3bf5876,92,0,3,
2026-01-20T10:00:55.167Z,https://teaching.utsa.edu,6392650afb392700015ad862,95,23,451,
2026-01-20T10:00:55.167Z,https://testing.utsa.edu,65fb283fe2e0c100016f4378,91,3,107,
2026-01-20T10:00:55.167Z,https://uc.utsa.edu,65cbd5af7454e9000107ecf8,97,1,7,
2026-01-20T10:00:55.167Z,https://www.utsa.edu/advising/,5f12173b482faf0a6d951ff2,94,14,68,
2026-01-20T10:00:55.167Z,https://www.utsa.edu/afrotc/,5f120ad5482faf0a6d951f80,94,2,21,
2026-01-20T10:00:55.167Z,https://www.utsa.edu/commencement/,5f120b3c482faf0a6d951f89,94,0,31,
2026-01-20T10:00:55.167Z,https://www.utsa.edu/conference/,63f784fe1deb380001d5aacc,88,0,14,
2026-01-20T10:00:55.167Z,https://www.utsa.edu/crm/,65551ab3edcbd0000171ba66,95,0,6,
2026-01-20T10:00:55.167Z,https://www.utsa.edu/disability/,61b7af05f2bca60001cf1a84,94,11,107,
2026-01-20T10:00:55.167Z,https://www.utsa.edu/endowed/,65551ca9edcbd00001720b13,95,0,94,
2026-01-20T10:00:55.167Z,https://www.utsa.edu/enrollment/,5f121753482faf0a6d951ff5,92,30,172,
2026-01-20T10:00:55.167Z,https://www.utsa.edu/events/,5f120f8e482faf0a6d951fa1,93,2,19,
2026-01-20T10:00:55.167Z,https://www.utsa.edu/family/,65551cd4a3282300015d29e9,91,0,97,
2026-01-20T10:00:55.167Z,https://www.utsa.edu/firstgen/,65551d5593acb500018da70c,92,1,19,
2026-01-20T10:00:55.167Z,https://www.utsa.edu/fosteringfutures,65551d89a3282300015d2b0f,94,4,10,
2026-01-20T10:00:55.167Z,https://www.utsa.edu/fye/,65551db2a3282300015d2c33,94,0,18,
2026-01-20T10:00:55.167Z,https://www.utsa.edu/healthprofessions/,63f78b1b6d0a840001798211,96,16,42,
2026-01-20T10:00:55.167Z,https://www.utsa.edu/homecoming,5f121208482faf0a6d951fbc,93,0,8,
2026-01-20T10:00:55.167Z,https://www.utsa.edu/ilpa/,63f78a6881795700014a9baf,93,5,25,
2026-01-20T10:00:55.167Z,https://www.utsa.edu/ir,606c864b482faf4e9df42600,96,23,28,
2026-01-20T10:00:55.167Z,https://www.utsa.edu/mental-health-resources,655521a3becc250001a18e59,94,0,1,
2026-01-20T10:00:55.167Z,https://www.utsa.edu/newfaculty/,65fb7551ce5aee00017aa3b6,97,0,0,
2026-01-20T10:00:55.167Z,https://www.utsa.edu/ofponline/,655522ce21e3820001681eca,92,0,51,
2026-01-20T10:00:55.167Z,https://www.utsa.edu/pace,62ed9170e89500000116b139,93,8,465,
2026-01-20T10:00:55.167Z,https://www.utsa.edu/remembrance,5f1214a0482faf0a6d951fce,94,0,6,
2026-01-20T10:00:55.167Z,https://www.utsa.edu/roadrunner-success-hub/,65551dd693acb500018da830,93,0,13,
2026-01-20T10:00:55.167Z,https://www.utsa.edu/rowdyvotes,6555232abecc250001a1ba56,97,0,1,
2026-01-20T10:00:55.167Z,https://www.utsa.edu/runitback/,6555244ba3282300015d2d97,95,0,6,
2026-01-20T10:00:55.167Z,https://www.utsa.edu/senate,655523be21e3820001682032,100,484,0,
2026-01-20T10:00:55.167Z,https://www.utsa.edu/sga/,655523ddbecc250001a1bd01,95,3,6,
2026-01-20T10:00:55.167Z,https://www.utsa.edu/students/,654b177ab066990001271f27,94,34,575,
2026-01-20T10:00:55.167Z,https://www.utsa.edu/students/conduct/,6553ece221e382000167e62f,94,2,26,
2026-01-20T10:00:55.167Z,https://www.utsa.edu/studentsuccess/,5f121915482faf0a6d952013,94,4786,138,
2026-01-20T10:00:55.167Z,https://www.utsa.edu/studentunion/,63ef94df81795700014a94cf,95,18,29,
2026-01-20T10:00:55.167Z,https://www.utsa.edu/trcss/,6555251b93acb500018dff97,94,0,0,
2026-01-20T10:00:55.167Z,https://www.utsa.edu/twc,65fb75fece5aee00017aa4ea,96,48,23,
2026-01-20T10:00:55.167Z,www.utsa.edu/safecampus,65552368becc250001a1bbfd,94,2,11,
2026-09-01T13:02:00.186Z,https://armyrotc.utsa.edu,65f8bd758a4efb00016eca0e,96.06,0,26,23
2026-09-01T13:02:00.186Z,https://bcfes.org,66e0aacb029d8700010cee1a,98.33,16,22,18
2026-09-01T13:02:00.186Z,https://buenavista.live,697a7c41021cfe7fb205c747,98.33,0,2,1
2026-09-01T13:02:00.186Z,https://caicc.utsa.edu,68baf9c845e9c533f24494f6,99.85,2,8,7
2026-09-01T13:02:00.186Z,https://campusrec.utsa.edu/,65f9b999a60fc20001b0ee2b,98.7,10,13,12
2026-09-01T13:02:00.186Z,https://careercenter.utsa.edu/,63f788961deb380001d5aacf,99.91,38,2,1
2026-09-01T13:02:00.186Z,https://catalog.utsa.edu,68090d665da41b818db7b996,99.97,470,3,3
2026-09-01T13:02:00.186Z,https://ccel.utsa.edu/,63f78ca61deb380001d5aad9,100,0,0,0
2026-09-01T13:02:00.186Z,https://cmas.utsa.edu/,63f6a3206d0a84000179814d,99.38,10,1,1
2026-09-01T13:02:00.186Z,https://datarqst.ir.utsa.edu,606c8694482faf4e95001695,85,0,3,1
2026-09-01T13:02:00.186Z,https://education.utsa.edu/,5fd906b8482faf4da5b60c05,99.98,95,2,1
2026-09-01T13:02:00.186Z,https://explore.utsa.edu/page-sitemap.xml,5fc6c29d482faf07b63e0d28,94.6,0,27,20
2026-09-01T13:02:00.186Z,https://global.utsa.edu,65f9c726641df400010e5b32,97.61,21,99,74
2026-09-01T13:02:00.186Z,https://honors.utsa.edu/,61017b5efd8b3f000101c79f,99.96,14,2,2
2026-09-01T13:02:00.186Z,https://international.utsa.edu,6945764a22d456eba5650dfb,95,0,1,1
2026-09-01T13:02:00.186Z,https://klesse.utsa.edu/,632ca47e7e251f00019d8e30,99.81,30,38,37
2026-09-01T13:02:00.186Z,https://odl.utsa.edu/,60745a87482faf27a76f6ae8,99.81,6,1,1
2026-09-01T13:02:00.186Z,https://provost.utsa.edu,60edb58154d005000157993b,98.17,173,384,364
2026-09-01T13:02:00.186Z,https://provost.utsa.edu/career/najim/entrepreneurship/,63f78ab81deb380001d5aad4,100,0,0,0
2026-09-01T13:02:00.186Z,https://provost.utsa.edu/undergraduate-research/,68250abec02091ed9bb7789c,100,2,0,0
2026-09-01T13:02:00.186Z,https://roadrunnerdays.utsa.edu,64c05f1eb1f232000162f879,97,0,3,2
2026-09-01T13:02:00.186Z,https://rowdylink.utsa.edu,68f7ceb069a014710f7926fb,88.57,0,978,428
2026-09-01T13:02:00.186Z,https://sciences.utsa.edu/,63f779381deb380001d5aac1,99.99,229,2,1
2026-09-01T13:02:00.186Z,https://studyabroad.utsa.edu/_portal/,69457679dd659d8ae3bf5876,85,0,3,1
2026-09-01T13:02:00.186Z,https://teaching.utsa.edu,6392650afb392700015ad862,100,0,0,0
2026-09-01T13:02:00.186Z,https://testing.utsa.edu/,65fb283fe2e0c100016f4378,100,13,0,0
2026-09-01T13:02:00.186Z,https://uc.utsa.edu,65cbd5af7454e9000107ecf8,99.93,1,2,1
2026-09-01T13:02:00.186Z,https://www.utsa.edu/conference/,63f784fe1deb380001d5aacc,100,0,0,0
2026-09-01T13:02:00.186Z,https://www.utsa.edu/crm/,65551ab3edcbd0000171ba66,98,0,2,1
2026-09-01T13:02:00.186Z,https://www.utsa.edu/disability/,61b7af05f2bca60001cf1a84,95.18,6,55,55
2026-09-01T13:02:00.186Z,https://www.utsa.edu/endowed/,65551ca9edcbd00001720b13,95.05,0,91,90
2026-09-01T13:02:00.186Z,https://www.utsa.edu/family/,65551cd4a3282300015d29e9,91.56,0,27,14
2026-09-01T13:02:00.186Z,https://www.utsa.edu/firstgen/,65551d5593acb500018da70c,98.64,0,3,3
2026-09-01T13:02:00.186Z,https://www.utsa.edu/fosteringfutures,65551d89a3282300015d2b0f,99.44,2,1,1
2026-09-01T13:02:00.186Z,https://www.utsa.edu/fye/,65551db2a3282300015d2c33,100,0,0,0
2026-09-01T13:02:00.186Z,https://www.utsa.edu/healthprofessions/,63f78b1b6d0a840001798211,99.58,20,3,3
2026-09-01T13:02:00.186Z,https://www.utsa.edu/ilpa/,63f78a6881795700014a9baf,100,4,0,0
2026-09-01T13:02:00.186Z,https://www.utsa.edu/ir,606c864b482faf4e9df42600,99.58,8,1,1
2026-09-01T13:02:00.186Z,https://www.utsa.edu/mental-health-resources,655521a3becc250001a18e59,100,0,0,0
2026-09-01T13:02:00.186Z,https://www.utsa.edu/newfaculty/,65fb7551ce5aee00017aa3b6,100,0,0,0
2026-09-01T13:02:00.186Z,https://www.utsa.edu/ofponline/,655522ce21e3820001681eca,90,0,22,11
2026-09-01T13:02:00.186Z,https://www.utsa.edu/pace,62ed9170e89500000116b139,97.17,10,77,68
2026-09-01T13:02:00.186Z,https://www.utsa.edu/roadrunner-success-hub/,65551dd693acb500018da830,100,0,0,0
2026-09-01T13:02:00.186Z,https://www.utsa.edu/rowdyvotes,6555232abecc250001a1ba56,100,0,0,0
2026-09-01T13:02:00.186Z,https://www.utsa.edu/runitback/,6555244ba3282300015d2d97,100,0,0,0
2026-09-01T13:02:00.186Z,https://www.utsa.edu/sga/,655523ddbecc250001a1bd01,99.17,3,2,2
2026-09-01T13:02:00.186Z,https://www.utsa.edu/students/,654b177ab066990001271f27,93.78,26,296,143
2026-09-01T13:02:00.186Z,https://www.utsa.edu/students/conduct/,6553ece221e382000167e62f,89.17,2,26,12
2026-09-01T13:02:00.186Z,https://www.utsa.edu/studentunion/,63ef94df81795700014a94cf,98.67,18,4,3
2026-09-01T13:02:00.186Z,https://www.utsa.edu/twc/,699cd18a83459dcb78cde434,99.87,40,1,1
2026-09-29T13:00:04.975Z,https://armyrotc.utsa.edu,65f8bd758a4efb00016eca0e,96.06,0,26,23
2026-09-29T13:00:04.975Z,https://bcfes.org,66e0aacb029d8700010cee1a,99.82,18,29,25
2026-09-29T13:00:04.975Z,https://buenavista.live,697a7c41021cfe7fb205c747,98.33,0,2,1
2026-09-29T13:00:04.975Z,https://caicc.utsa.edu,68baf9c845e9c533f24494f6,99.86,3,8,7
2026-09-29T13:00:04.975Z,https://campusrec.utsa.edu/,65f9b999a60fc20001b0ee2b,99,10,10,9
2026-09-29T13:00:04.975Z,https://careercenter.utsa.edu/,63f788961deb380001d5aacf,100,38,0,0
2026-09-29T13:00:04.975Z,https://catalog.utsa.edu,68090d665da41b818db7b996,99.97,470,3,3
2026-09-29T13:00:04.975Z,https://ccel.utsa.edu/,63f78ca61deb380001d5aad9,100,0,0,0
2026-09-29T13:00:04.975Z,https://cmas.utsa.edu/,63f6a3206d0a84000179814d,99.38,10,1,1
2026-09-29T13:00:04.975Z,https://datarqst.ir.utsa.edu,606c8694482faf4e95001695,85,0,3,1
2026-09-29T13:00:04.975Z,https://education.utsa.edu/,5fd906b8482faf4da5b60c05,100,95,0,0
2026-09-29T13:00:04.975Z,https://explore.utsa.edu/page-sitemap.xml,5fc6c29d482faf07b63e0d28,94.62,0,28,21
2026-09-29T13:00:04.975Z,https://global.utsa.edu,65f9c726641df400010e5b32,98.02,21,83,66
2026-09-29T13:00:04.975Z,https://honors.utsa.edu/,61017b5efd8b3f000101c79f,99.89,16,6,5
2026-09-29T13:00:04.975Z,https://international.utsa.edu,6945764a22d456eba5650dfb,95,0,1,1
2026-09-29T13:00:04.975Z,https://klesse.utsa.edu/,632ca47e7e251f00019d8e30,99.8,29,42,42
2026-09-29T13:00:04.975Z,https://odl.utsa.edu/,60745a87482faf27a76f6ae8,100,6,0,0
2026-09-29T13:00:04.975Z,https://provost.utsa.edu,60edb58154d005000157993b,98.2,179,379,361
2026-09-29T13:00:04.975Z,https://provost.utsa.edu/career/najim/entrepreneurship/,63f78ab81deb380001d5aad4,100,0,0,0
2026-09-29T13:00:04.975Z,https://provost.utsa.edu/undergraduate-research/,68250abec02091ed9bb7789c,100,2,0,0
2026-09-29T13:00:04.975Z,https://roadrunnerdays.utsa.edu,64c05f1eb1f232000162f879,97,0,3,2
2026-09-29T13:00:04.975Z,https://rowdylink.utsa.edu,68f7ceb069a014710f7926fb,87.01,0,1434,552
2026-09-29T13:00:04.975Z,https://sciences.utsa.edu/,63f779381deb380001d5aac1,100,226,0,0
2026-09-29T13:00:04.975Z,https://studyabroad.utsa.edu/_portal/,69457679dd659d8ae3bf5876,85,0,3,1
2026-09-29T13:00:04.975Z,https://teaching.utsa.edu,6392650afb392700015ad862,100,0,0,0
2026-09-29T13:00:04.975Z,https://testing.utsa.edu/,65fb283fe2e0c100016f4378,99.83,13,1,1
2026-09-29T13:00:04.975Z,https://uc.utsa.edu,65cbd5af7454e9000107ecf8,100,1,0,0
2026-09-29T13:00:04.975Z,https://www.utsa.edu/conference/,63f784fe1deb380001d5aacc,100,0,0,0
2026-09-29T13:00:04.975Z,https://www.utsa.edu/crm/,65551ab3edcbd0000171ba66,98,0,2,1
2026-09-29T13:00:04.975Z,https://www.utsa.edu/disability/,61b7af05f2bca60001cf1a84,95.18,6,55,55
2026-09-29T13:00:04.975Z,https://www.utsa.edu/endowed/,65551ca9edcbd00001720b13,95.06,0,89,88
2026-09-29T13:00:04.975Z,https://www.utsa.edu/family/,65551cd4a3282300015d29e9,92.19,0,25,14
2026-09-29T13:00:04.975Z,https://www.utsa.edu/firstgen/,65551d5593acb500018da70c,99.55,0,1,1
2026-09-29T13:00:04.975Z,https://www.utsa.edu/fosteringfutures,65551d89a3282300015d2b0f,99.44,2,1,1
2026-09-29T13:00:04.975Z,https://www.utsa.edu/fye/,65551db2a3282300015d2c33,100,0,0,0
2026-09-29T13:00:04.975Z,https://www.utsa.edu/healthprofessions/,63f78b1b6d0a840001798211,99.43,18,4,4
2026-09-29T13:00:04.975Z,https://www.utsa.edu/ilpa/,63f78a6881795700014a9baf,99.58,2,1,1
2026-09-29T13:00:04.975Z,https://www.utsa.edu/ir,606c864b482faf4e9df42600,99.58,8,1,1
2026-09-29T13:00:04.975Z,https://www.utsa.edu/mental-health-resources,655521a3becc250001a18e59,100,0,0,0
2026-09-29T13:00:04.975Z,https://www.utsa.edu/newfaculty/,65fb7551ce5aee00017aa3b6,100,0,0,0
2026-09-29T13:00:04.975Z,https://www.utsa.edu/ofponline/,655522ce21e3820001681eca,90,0,22,11
2026-09-29T13:00:04.975Z,https://www.utsa.edu/pace,62ed9170e89500000116b139,97.89,9,60,53
2026-09-29T13:00:04.975Z,https://www.utsa.edu/roadrunner-success-hub/,65551dd693acb500018da830,100,0,0,0
2026-09-29T13:00:04.975Z,https://www.utsa.edu/rowdyvotes,6555232abecc250001a1ba56,95,0,1,1
2026-09-29T13:00:04.975Z,https://www.utsa.edu/runitback/,6555244ba3282300015d2d97,100,0,0,0
2026-09-29T13:00:04.975Z,https://www.utsa.edu/sga/,655523ddbecc250001a1bd01,100,3,0,0
2026-09-29T13:00:04.975Z,https://www.utsa.edu/students/,654b177ab066990001271f27,95.47,26,213,136
2026-09-29T13:00:04.975Z,https://www.utsa.edu/students/conduct/,6553ece221e382000167e62f,88.33,2,28,12
2026-09-29T13:00:04.975Z,https://www.utsa.edu/studentunion/,63ef94df81795700014a94cf,94.67,18,16,13
2026-09-29T13:00:04.975Z,https://www.utsa.edu/twc/,699cd18a83459dcb78cde434,99.87,40,1,1
2026-09-30T13:09:02.460Z,https://armyrotc.utsa.edu,65f8bd758a4efb00016eca0e,96.06,0,26,23
2026-09-30T13:09:02.460Z,https://bcfes.org,66e0aacb029d8700010cee1a,99.82,18,29,25
2026-09-30T13:09:02.460Z,https://buenavista.live,697a7c41021cfe7fb205c747,98.33,0,2,1
2026-09-30T13:09:02.460Z,https://caicc.utsa.edu,68baf9c845e9c533f24494f6,99.9,3,6,6
2026-09-30T13:09:02.460Z,https://campusrec.utsa.edu/,65f9b999a60fc20001b0ee2b,99,10,10,9
2026-09-30T13:09:02.460Z,https://careercenter.utsa.edu/,63f788961deb380001d5aacf,100,38,0,0
2026-09-30T13:09:02.460Z,https://catalog.utsa.edu,68090d665da41b818db7b996,99.97,470,3,3
2026-09-30T13:09:02.460Z,https://ccel.utsa.edu/,63f78ca61deb380001d5aad9,100,0,0,0
2026-09-30T13:09:02.460Z,https://cmas.utsa.edu/,63f6a3206d0a84000179814d,99.38,10,1,1
2026-09-30T13:09:02.460Z,https://datarqst.ir.utsa.edu,606c8694482faf4e95001695,85,0,3,1
2026-09-30T13:09:02.460Z,https://education.utsa.edu/,5fd906b8482faf4da5b60c05,100,95,0,0
2026-09-30T13:09:02.460Z,https://explore.utsa.edu/page-sitemap.xml,5fc6c29d482faf07b63e0d28,94.62,0,28,21
2026-09-30T13:09:02.460Z,https://global.utsa.edu,65f9c726641df400010e5b32,98.02,21,83,66
2026-09-30T13:09:02.460Z,https://honors.utsa.edu/,61017b5efd8b3f000101c79f,99.89,16,6,5
2026-09-30T13:09:02.460Z,https://international.utsa.edu,6945764a22d456eba5650dfb,95,0,1,1
2026-09-30T13:09:02.460Z,https://klesse.utsa.edu/,632ca47e7e251f00019d8e30,99.8,29,42,42
2026-09-30T13:09:02.460Z,https://odl.utsa.edu/,60745a87482faf27a76f6ae8,100,6,0,0
2026-09-30T13:09:02.460Z,https://provost.utsa.edu,60edb58154d005000157993b,98.2,179,379,361
2026-09-30T13:09:02.460Z,https://provost.utsa.edu/career/najim/entrepreneurship/,63f78ab81deb380001d5aad4,100,0,0,0
2026-09-30T13:09:02.460Z,https://provost.utsa.edu/undergraduate-research/,68250abec02091ed9bb7789c,100,2,0,0
2026-09-30T13:09:02.460Z,https://roadrunnerdays.utsa.edu,64c05f1eb1f232000162f879,97,0,3,2
2026-09-30T13:09:02.460Z,https://rowdylink.utsa.edu,68f7ceb069a014710f7926fb,75.34,0,1735,588
2026-09-30T13:09:02.460Z,https://sciences.utsa.edu/,63f779381deb380001d5aac1,100,226,0,0
2026-09-30T13:09:02.460Z,https://studyabroad.utsa.edu/_portal/,69457679dd659d8ae3bf5876,85,0,3,1
2026-09-30T13:09:02.460Z,https://teaching.utsa.edu,6392650afb392700015ad862,100,0,0,0
2026-09-30T13:09:02.460Z,https://testing.utsa.edu/,65fb283fe2e0c100016f4378,99.83,13,1,1
2026-09-30T13:09:02.460Z,https://uc.utsa.edu,65cbd5af7454e9000107ecf8,100,1,0,0
2026-09-30T13:09:02.460Z,https://www.utsa.edu/conference/,63f784fe1deb380001d5aacc,100,0,0,0
2026-09-30T13:09:02.460Z,https://www.utsa.edu/crm/,65551ab3edcbd0000171ba66,98,0,2,1
2026-09-30T13:09:02.460Z,https://www.utsa.edu/disability/,61b7af05f2bca60001cf1a84,95.18,6,55,55
2026-09-30T13:09:02.460Z,https://www.utsa.edu/endowed/,65551ca9edcbd00001720b13,95.06,0,88,87
2026-09-30T13:09:02.460Z,https://www.utsa.edu/family/,65551cd4a3282300015d29e9,92.81,0,23,14
2026-09-30T13:09:02.460Z,https://www.utsa.edu/firstgen/,65551d5593acb500018da70c,100,0,0,0
2026-09-30T13:09:02.460Z,https://www.utsa.edu/fosteringfutures,65551d89a3282300015d2b0f,99.44,2,1,1
2026-09-30T13:09:02.460Z,https://www.utsa.edu/fye/,65551db2a3282300015d2c33,100,0,0,0
2026-09-30T13:09:02.460Z,https://www.utsa.edu/healthprofessions/,63f78b1b6d0a840001798211,99.43,18,4,4
2026-09-30T13:09:02.460Z,https://www.utsa.edu/ilpa/,63f78a6881795700014a9baf,99.58,2,1,1
2026-09-30T13:09:02.460Z,https://www.utsa.edu/ir,606c864b482faf4e9df42600,99.58,8,1,1
2026-09-30T13:09:02.460Z,https://www.utsa.edu/mental-health-resources,655521a3becc250001a18e59,100,0,0,0
2026-09-30T13:09:02.460Z,https://www.utsa.edu/newfaculty/,65fb7551ce5aee00017aa3b6,100,0,0,0
2026-09-30T13:09:02.460Z,https://www.utsa.edu/ofponline/,655522ce21e3820001681eca,90,0,22,11
2026-09-30T13:09:02.460Z,https://www.utsa.edu/pace,62ed9170e89500000116b139,97.89,9,60,53
2026-09-30T13:09:02.460Z,https://www.utsa.edu/roadrunner-success-hub/,65551dd693acb500018da830,100,0,0,0
2026-09-30T13:09:02.460Z,https://www.utsa.edu/rowdyvotes,6555232abecc250001a1ba56,95,0,1,1
2026-09-30T13:09:02.460Z,https://www.utsa.edu/runitback/,6555244ba3282300015d2d97,100,0,0,0
2026-09-30T13:09:02.460Z,https://www.utsa.edu/sga/,655523ddbecc250001a1bd01,100,3,0,0
2026-09-30T13:09:02.460Z,https://www.utsa.edu/students/,654b177ab066990001271f27,95.06,26,232,176
2026-09-30T13:09:02.460Z,https://www.utsa.edu/students/conduct/,6553ece221e382000167e62f,93.75,2,15,12
2026-09-30T13:09:02.460Z,https://www.utsa.edu/studentunion/,63ef94df81795700014a94cf,94.67,18,16,13
2026-09-30T13:09:02.460Z,https://www.utsa.edu/twc/,699cd18a83459dcb78cde434,99.87,40,1,1
